{"cameraMode":{"drawMode":0,"name":"Shaded","section":"Shading Mode"},"sceneLighting":false,"audioPlay":false,"sceneViewState":{"showFog":true,"showMaterialUpdate":false,"showSkybox":false,"showFlares":true,"showImageEffects":true,"showParticleSystems":true},"in2DMode":false,"pivot":{"x":0.9380000829696655,"y":3.6036510467529299,"z":-0.40789568424224856},"rotation":{"x":-0.18952558934688569,"y":0.17484229803085328,"z":-0.03436018526554108,"w":-0.9656490683555603},"size":0.8660253286361694,"orthographic":false}