{"cameraMode":{"drawMode":0,"name":"Shaded","section":"Shading Mode"},"sceneLighting":false,"audioPlay":false,"sceneViewState":{"showFog":true,"showMaterialUpdate":false,"showSkybox":false,"showFlares":true,"showImageEffects":true,"showParticleSystems":true},"in2DMode":false,"pivot":{"x":0.23035013675689698,"y":2.2753102779388429,"z":-0.1841927468776703},"rotation":{"x":0.1515362709760666,"y":0.001755541772581637,"z":-0.0002677703450899571,"w":0.9885170459747315},"size":3.5573647022247316,"orthographic":false}